case_id,question_id,student_id,language,candidate_id,temperature,prompt_bug_type,json_parse_status,target_function,replace_block,with_block,n_passed_before,n_failed_before,n_passed_after,n_failed_after,delta_passed,delta_failed,passed_all_after,patch_applied,patch_status,patched_code,first_failed_test_after,first_fail_expected_after,first_fail_actual_after,first_fail_stderr_after,first_fail_stage_after
150,21_22-1-1-python,56KIOCH6,python,1,0.0,wrong_output,direct_json,calc,"def calc(n):
    m = int(n)
    return pow(2,m,1000000007) - 1","def calc(n):
    m = int(n)
    return (pow(2, m, 1000000007) - 1) % 1000000007",16,1,16,1,0,0,False,True,exact_replace_success,"def calc(n):
    m = int(n)
    return (pow(2, m, 1000000007) - 1) % 1000000007",1.0,-1,40,,run
150,21_22-1-1-python,56KIOCH6,python,2,0.2,wrong_output,direct_json,calc,"def calc(n):
    m = int(n)
    return pow(2,m,1000000007) - 1","def calc(n):
    m = int(n)
    if m == 0:
        return -1
    return pow(2, m, 1000000007) - 1",16,1,16,1,0,0,False,False,made_things_worse_reverted,"def calc(n):
    m = int(n)
    return pow(2,m,1000000007) - 1",1.0,-1,39,,
151,21_22-1-1-python,5UQSXBL3,python,1,0.0,runtime_error,direct_json,calc,"def calc(n0):
    return pow(2, int(n0), 1000000007) - 1
","def calc(n0):
    MOD = 1000000007
    def modexp(a, b, mod):
        res = 1
        while b > 0:
            if b % 2:
                res = (res * a) % mod
            a = (a * a) % mod
            b //= 2
        return res
    ans = modexp(2, int(n0), MOD) - 1
    return ans if ans >= 0 else ans + MOD
",16,1,17,0,1,-1,True,True,exact_replace_success,"def calc(n0):
    MOD = 1000000007
    def modexp(a, b, mod):
        res = 1
        while b > 0:
            if b % 2:
                res = (res * a) % mod
            a = (a * a) % mod
            b //= 2
        return res
    ans = modexp(2, int(n0), MOD) - 1
    return ans if ans >= 0 else ans + MOD


""""""_____________________________________________
/ Da fuer alle natuerlichen Zahlen n gilt, dass \
| (2^n)%1000000007 != 0, gilt somit auch:       |
\ ((2^n)-1)%1000000007 == ((2^n)%1000000007)-1  /
 -----------------------------------------------
      \                    / \  //\
       \    |\___/|      /   \//  \\
            /0  0  \__  /    //  | \ \
           /     /  \/_/    //   |  \  \
           @_^_@'/   \/_   //    |   \   \
           //_^_/     \/_ //     |    \    \
        ( //) |        \///      |     \     \
      ( / /) _|_ /   )  //       |      \     _\
    ( // /) '/,_ _ _/  ( ; -.    |    _ _\.-~        .-~~~^-.
  (( / / )) ,-{        _      `-.|.-~-.           .~         `.
 (( // / ))  '/\      /                 ~-. _ .-~      .-~^-.  \
 (( /// ))      `.   {            }                   /      \  \
  (( / ))     .----~-.\        \-'                 .~         \  `. \^-.
             ///.----..>        \             _ -~             `.  ^-`  ^-_
               ///-._ _ _ _ _ _ _}^ - - - - ~                     ~-- ,.-~
                                                                  /.-~""""""",,,,,
151,21_22-1-1-python,5UQSXBL3,python,2,0.2,runtime_error,direct_json,calc,"def calc(n0):
    return pow(2, int(n0), 1000000007) - 1
","def calc(n0):
    MOD = 1000000007
    def expo(a, b, mod):
        res = 1
        a = a % mod
        while b > 0:
            if b % 2:
                res = (res * a) % mod
            a = (a * a) % mod
            b //= 2
        return res
    return (expo(2, int(n0), MOD) - 1) % MOD
",16,1,17,0,1,-1,True,True,exact_replace_success,"def calc(n0):
    MOD = 1000000007
    def expo(a, b, mod):
        res = 1
        a = a % mod
        while b > 0:
            if b % 2:
                res = (res * a) % mod
            a = (a * a) % mod
            b //= 2
        return res
    return (expo(2, int(n0), MOD) - 1) % MOD


""""""_____________________________________________
/ Da fuer alle natuerlichen Zahlen n gilt, dass \
| (2^n)%1000000007 != 0, gilt somit auch:       |
\ ((2^n)-1)%1000000007 == ((2^n)%1000000007)-1  /
 -----------------------------------------------
      \                    / \  //\
       \    |\___/|      /   \//  \\
            /0  0  \__  /    //  | \ \
           /     /  \/_/    //   |  \  \
           @_^_@'/   \/_   //    |   \   \
           //_^_/     \/_ //     |    \    \
        ( //) |        \///      |     \     \
      ( / /) _|_ /   )  //       |      \     _\
    ( // /) '/,_ _ _/  ( ; -.    |    _ _\.-~        .-~~~^-.
  (( / / )) ,-{        _      `-.|.-~-.           .~         `.
 (( // / ))  '/\      /                 ~-. _ .-~      .-~^-.  \
 (( /// ))      `.   {            }                   /      \  \
  (( / ))     .----~-.\        \-'                 .~         \  `. \^-.
             ///.----..>        \             _ -~             `.  ^-`  ^-_
               ///-._ _ _ _ _ _ _}^ - - - - ~                     ~-- ,.-~
                                                                  /.-~""""""",,,,,
155,21_22-1-1-python,6PPAR4TV,python,1,0.0,wrong_output,direct_json,calc,"def calc(n):
    n = int(n)
    if n<=2:
        p = pow(2,n)-1
        return(p%1000000007)
    else :
        if n%2 == 1:
            R = 1
            n = (n-1)//2
            c = calc(n)+1
            c = pow(c,2)%1000000007
            res = (2*c)%1000000007
            return(res-1)
        else:
            n = n//2
            c = calc(n)+1
            res = pow(c,2)%1000000007
            return(res-1)
    pass
","def calc(n):
    n = int(n)
    if n == 0:
        return -1
    if n<=2:
        p = pow(2,n)-1
        return(p%1000000007)
    else :
        if n%2 == 1:
            R = 1
            n = (n-1)//2
            c = calc(n)+1
            c = pow(c,2)%1000000007
            res = (2*c)%1000000007
            return(res-1)
        else:
            n = n//2
            c = calc(n)+1
            res = pow(c,2)%1000000007
            return(res-1)
    pass
",16,1,16,1,0,0,False,False,made_things_worse_reverted,"def calc(n):
    n = int(n)
    if n<=2:
        p = pow(2,n)-1
        return(p%1000000007)
    else :
        if n%2 == 1:
            R = 1
            n = (n-1)//2
            c = calc(n)+1
            c = pow(c,2)%1000000007
            res = (2*c)%1000000007
            return(res-1)
        else:
            n = n//2
            c = calc(n)+1
            res = pow(c,2)%1000000007
            return(res-1)
    pass",1.0,-1,53,,
155,21_22-1-1-python,6PPAR4TV,python,2,0.2,wrong_output,direct_json,calc,"def calc(n):
    n = int(n)
    if n<=2:
        p = pow(2,n)-1
        return(p%1000000007)
    else :
        if n%2 == 1:
            R = 1
            n = (n-1)//2
            c = calc(n)+1
            c = pow(c,2)%1000000007
            res = (2*c)%1000000007
            return(res-1)
        else:
            n = n//2
            c = calc(n)+1
            res = pow(c,2)%1000000007
            return(res-1)
    pass
","def calc(n):
    n = int(n)
    if n == 0:
        return 0
    if n<=2:
        p = pow(2,n)-1
        return(p%1000000007)
    else :
        if n%2 == 1:
            R = 1
            n = (n-1)//2
            c = calc(n)+1
            c = pow(c,2)%1000000007
            res = (2*c)%1000000007
            return(res-1)
        else:
            n = n//2
            c = calc(n)+1
            res = pow(c,2)%1000000007
            return(res-1)
    pass
",16,1,16,1,0,0,False,True,exact_replace_success,"def calc(n):
    n = int(n)
    if n == 0:
        return 0
    if n<=2:
        p = pow(2,n)-1
        return(p%1000000007)
    else :
        if n%2 == 1:
            R = 1
            n = (n-1)//2
            c = calc(n)+1
            c = pow(c,2)%1000000007
            res = (2*c)%1000000007
            return(res-1)
        else:
            n = n//2
            c = calc(n)+1
            res = pow(c,2)%1000000007
            return(res-1)
    pass",1.0,-1,85,,run
157,21_22-1-1-python,7XBTEU4B,python,1,0.0,wrong_output,direct_json,calc,"def calc(n):
  
    n_int = int(n) % 1000000007
    
    split = 512

    if n_int == 0:
        return 0

    mod = n_int % split
  
    n_gerade = (n_int-mod)//split
    return (pow(pow(2,n_gerade) % 1000000007, split) * pow(2, mod) - 1) % 1000000007","def calc(n):
    n_int = int(n)
    split = 512
    if n_int == 0:
        return -1
    mod = n_int % split
    n_gerade = (n_int - mod) // split
    return (pow(pow(2, n_gerade, 1000000007), split, 1000000007) * pow(2, mod, 1000000007) - 1) % 1000000007",16,1,16,1,0,0,False,False,made_things_worse_reverted,"def calc(n):
  
    n_int = int(n) % 1000000007
    
    split = 512

    if n_int == 0:
        return 0

    mod = n_int % split
  
    n_gerade = (n_int-mod)//split
    return (pow(pow(2,n_gerade) % 1000000007, split) * pow(2, mod) - 1) % 1000000007",1.0,-1,180,,
157,21_22-1-1-python,7XBTEU4B,python,2,0.2,wrong_output,direct_json,calc,"def calc(n):
  
    n_int = int(n) % 1000000007
    
    split = 512

    if n_int == 0:
        return 0

    mod = n_int % split
  
    n_gerade = (n_int-mod)//split
    return (pow(pow(2,n_gerade) % 1000000007, split) * pow(2, mod) - 1) % 1000000007
","def calc(n):
    n_int = int(n) % 1000000007
    split = 512

    if n_int == 0:
        return -1

    mod = n_int % split
    n_gerade = (n_int - mod) // split
    return (pow(pow(2, n_gerade) % 1000000007, split) * pow(2, mod) - 1) % 1000000007
",16,1,16,1,0,0,False,False,made_things_worse_reverted,"def calc(n):
  
    n_int = int(n) % 1000000007
    
    split = 512

    if n_int == 0:
        return 0

    mod = n_int % split
  
    n_gerade = (n_int-mod)//split
    return (pow(pow(2,n_gerade) % 1000000007, split) * pow(2, mod) - 1) % 1000000007",1.0,-1,180,,
161,21_22-1-1-python,DT7AUBV2,python,1,0.0,wrong_output,direct_json,calc,"def calc(n):
    x = (pow2(n)-1) % 1000000007
    return x","def calc(n):
    x = (pow2(n)-1)
    return (x + 1000000007) % 1000000007",16,1,16,1,0,0,False,True,exact_replace_success,"def calc(n):
    x = (pow2(n)-1)
    return (x + 1000000007) % 1000000007

def pow2(n):
    if n == 0:
        return 1

    if n % 2 == 0:
        x = pow2(n//2)
        x = x * x % 1000000007
        return x

    x = pow2(n-1)
    x = (x << 1) % 1000000007
    return x",1.0,-1,22,,run
161,21_22-1-1-python,DT7AUBV2,python,2,0.2,wrong_output,direct_json,calc,"def calc(n):
    x = (pow2(n)-1) % 1000000007
    return x","def calc(n):
    x = (pow2(n)-1)
    return x % 1000000007",16,1,16,1,0,0,False,True,exact_replace_success,"def calc(n):
    x = (pow2(n)-1)
    return x % 1000000007

def pow2(n):
    if n == 0:
        return 1

    if n % 2 == 0:
        x = pow2(n//2)
        x = x * x % 1000000007
        return x

    x = pow2(n-1)
    x = (x << 1) % 1000000007
    return x",1.0,-1,22,,run
168,21_22-1-1-python,GUVEKSFT,python,1,0.0,wrong_output,direct_json,calc,"def calc(b):
    if b == 0: return 0
    return (twopowb(b) - 1) % 1000000007
","def calc(b):
    if b == 0: return 0
    return twopowb(b) - 1
",16,1,16,1,0,0,False,True,exact_replace_success,"def calc(b):
    if b == 0: return 0
    return twopowb(b) - 1


def twopowb(b):
    if b == 1: return 2
    if b % 2 == 0: # gerade
        val = twopowb(b // 2)
        return (val * val )% 1000000007
    else: #b ungerade
        return (twopowb(b - 1) * 2)% 1000000007",1.0,-1,51,,run
168,21_22-1-1-python,GUVEKSFT,python,2,0.2,wrong_output,direct_json,twopowb,"def twopowb(b):
    if b == 1: return 2
    if b % 2 == 0: # gerade
        val = twopowb(b // 2)
        return (val * val )% 1000000007
    else: #b ungerade
        return (twopowb(b - 1) * 2)% 1000000007
","def twopowb(b):
    if b == 0: return 1
    if b == 1: return 2
    if b % 2 == 0: # gerade
        val = twopowb(b // 2)
        return (val * val )% 1000000007
    else: #b ungerade
        return (twopowb(b - 1) * 2)% 1000000007
",16,1,16,1,0,0,False,True,exact_replace_success,"def calc(b):
    if b == 0: return 0
    return (twopowb(b) - 1) % 1000000007


def twopowb(b):
    if b == 0: return 1
    if b == 1: return 2
    if b % 2 == 0: # gerade
        val = twopowb(b // 2)
        return (val * val )% 1000000007
    else: #b ungerade
        return (twopowb(b - 1) * 2)% 1000000007",1.0,-1,52,,run
170,21_22-1-1-python,IP7Y5KKF,python,1,0.0,wrong_output,direct_json,calc,"def calc(n):
    n = int(n)
    if n<=2:
        p = pow(2,n)-1
        return(p%1000000007)
    else :
        if n%2 == 1:
            R = 1
            n = (n-1)//2
            c = calc(n)+1
             # print(c)
            c = pow(c,2)%1000000007
             # print(c)
             # print(p)
            res = (2*c)%1000000007
             #print(res)
            return(res-1)
        else:
            n = n//2
            c = calc(n)+1
            res = pow(c,2)%1000000007
            return(res-1)
    pass
","def calc(n):
    n = int(n)
    if n == 0:
        return 0
    if n<=2:
        p = pow(2,n)-1
        return(p%1000000007)
    else :
        if n%2 == 1:
            R = 1
            n = (n-1)//2
            c = calc(n)+1
            c = pow(c,2)%1000000007
            res = (2*c)%1000000007
            return(res-1)
        else:
            n = n//2
            c = calc(n)+1
            res = pow(c,2)%1000000007
            return(res-1)
    pass
",16,1,16,1,0,0,False,True,exact_replace_success,"def calc(n):
    n = int(n)
    if n == 0:
        return 0
    if n<=2:
        p = pow(2,n)-1
        return(p%1000000007)
    else :
        if n%2 == 1:
            R = 1
            n = (n-1)//2
            c = calc(n)+1
            c = pow(c,2)%1000000007
            res = (2*c)%1000000007
            return(res-1)
        else:
            n = n//2
            c = calc(n)+1
            res = pow(c,2)%1000000007
            return(res-1)
    pass",1.0,-1,85,,run
170,21_22-1-1-python,IP7Y5KKF,python,2,0.2,wrong_output,direct_json,calc,"def calc(n):
    n = int(n)
    if n<=2:
        p = pow(2,n)-1
        return(p%1000000007)
    else :
        if n%2 == 1:
            R = 1
            n = (n-1)//2
            c = calc(n)+1
             # print(c)
            c = pow(c,2)%1000000007
             # print(c)
             # print(p)
            res = (2*c)%1000000007
             #print(res)
            return(res-1)
        else:
            n = n//2
            c = calc(n)+1
            res = pow(c,2)%1000000007
            return(res-1)
    pass
","def calc(n):
    n = int(n)
    if n == 0:
        return -1
    if n<=2:
        p = pow(2,n)-1
        return(p%1000000007)
    else :
        if n%2 == 1:
            R = 1
            n = (n-1)//2
            c = calc(n)+1
            c = pow(c,2)%1000000007
            res = (2*c)%1000000007
            return(res-1)
        else:
            n = n//2
            c = calc(n)+1
            res = pow(c,2)%1000000007
            return(res-1)
    pass
",16,1,16,1,0,0,False,False,made_things_worse_reverted,"def calc(n):
    n = int(n)
    if n<=2:
        p = pow(2,n)-1
        return(p%1000000007)
    else :
        if n%2 == 1:
            R = 1
            n = (n-1)//2
            c = calc(n)+1
             # print(c)
            c = pow(c,2)%1000000007
             # print(c)
             # print(p)
            res = (2*c)%1000000007
             #print(res)
            return(res-1)
        else:
            n = n//2
            c = calc(n)+1
            res = pow(c,2)%1000000007
            return(res-1)
    pass",1.0,-1,53,,
172,21_22-1-1-python,JZTB6RAW,python,1,0.0,wrong_output,direct_json,calc,"def calc(n):

    n_int = int(n) % 1000000007

    split = 512

    if n_int == 0:
        return 0

    mod = n_int % split

    n_gerade = (n_int-mod)//split
    return (pow(pow(2,n_gerade) % 1000000007, split) * pow(2, mod) - 1) % 1000000007
","def calc(n):

    n_int = int(n) % 1000000007

    split = 512

    if n_int == 0:
        return -1

    mod = n_int % split

    n_gerade = (n_int-mod)//split
    return (pow(pow(2,n_gerade) % 1000000007, split) * pow(2, mod) - 1) % 1000000007
",16,1,16,1,0,0,False,False,made_things_worse_reverted,"def calc(n):

    n_int = int(n) % 1000000007

    split = 512

    if n_int == 0:
        return 0

    mod = n_int % split

    n_gerade = (n_int-mod)//split
    return (pow(pow(2,n_gerade) % 1000000007, split) * pow(2, mod) - 1) % 1000000007",1.0,-1,172,,
172,21_22-1-1-python,JZTB6RAW,python,2,0.2,wrong_output,direct_json,calc,"def calc(n):

    n_int = int(n) % 1000000007

    split = 512

    if n_int == 0:
        return 0

    mod = n_int % split

    n_gerade = (n_int-mod)//split
    return (pow(pow(2,n_gerade) % 1000000007, split) * pow(2, mod) - 1) % 1000000007","def calc(n):
    n_int = int(n)
    split = 512
    if n_int == 0:
        return 0
    mod = n_int % split
    n_gerade = (n_int - mod) // split
    return (pow(pow(2, n_gerade, 1000000007), split, 1000000007) * pow(2, mod, 1000000007) - 1) % 1000000007",16,1,16,1,0,0,False,True,exact_replace_success,"def calc(n):
    n_int = int(n)
    split = 512
    if n_int == 0:
        return 0
    mod = n_int % split
    n_gerade = (n_int - mod) // split
    return (pow(pow(2, n_gerade, 1000000007), split, 1000000007) * pow(2, mod, 1000000007) - 1) % 1000000007",1.0,-1,158,,run
176,21_22-1-1-python,NSYSX25L,python,1,0.0,wrong_output,direct_json,pow,"def pow(a, b):
    if b == 0:
        return 1
    if b%2 == 0:
        c = b//2
        d = pow(a, c) % 1000000007
        return d * d
    else:
        c = b-1
        return pow(a, c) * a
","def pow(a, b):
    if b == 0:
        return 1
    if b%2 == 0:
        c = b//2
        d = pow(a, c) % 1000000007
        return (d * d) % 1000000007
    else:
        c = b-1
        return (pow(a, c) * a) % 1000000007
",16,1,16,1,0,0,False,True,exact_replace_success,"def calc(n):
    return (pow(2, n)-1) % 1000000007

# Die Folge entspricht der Formel a(n) = 2^n-1

def pow(a, b):
    if b == 0:
        return 1
    if b%2 == 0:
        c = b//2
        d = pow(a, c) % 1000000007
        return (d * d) % 1000000007
    else:
        c = b-1
        return (pow(a, c) * a) % 1000000007",1.0,-1,25,,run
176,21_22-1-1-python,NSYSX25L,python,2,0.2,wrong_output,direct_json,pow,"def pow(a, b):
    if b == 0:
        return 1
    if b%2 == 0:
        c = b//2
        d = pow(a, c) % 1000000007
        return d * d
    else:
        c = b-1
        return pow(a, c) * a","def pow(a, b):
    if b == 0:
        return 1
    if b%2 == 0:
        c = b//2
        d = pow(a, c) % 1000000007
        return (d * d) % 1000000007
    else:
        c = b-1
        return (pow(a, c) * a) % 1000000007",16,1,16,1,0,0,False,True,exact_replace_success,"def calc(n):
    return (pow(2, n)-1) % 1000000007

# Die Folge entspricht der Formel a(n) = 2^n-1

def pow(a, b):
    if b == 0:
        return 1
    if b%2 == 0:
        c = b//2
        d = pow(a, c) % 1000000007
        return (d * d) % 1000000007
    else:
        c = b-1
        return (pow(a, c) * a) % 1000000007",1.0,-1,25,,run
177,21_22-1-1-python,OUNQV2P3,python,1,0.0,wrong_output,direct_json,calc,"def calc(n):
    return (powerOfTwo(n) - 1) % 1000000007","def calc(n):
    return (powerOfTwo(n) - 1 + 1000000007) % 1000000007",16,1,16,1,0,0,False,True,exact_replace_success,"def calc(n):
    return (powerOfTwo(n) - 1 + 1000000007) % 1000000007

def powerOfTwo(n):
    if(n == 0):
        return 1
    if(n % 2 == 0):
        #even
        x = powerOfTwo(n//2) % 1000000007
        return x * x % 1000000007
    else:
        #odd
        return powerOfTwo(n - 1) * 2 % 1000000007",1.0,-1,25,,run
177,21_22-1-1-python,OUNQV2P3,python,2,0.2,wrong_output,direct_json,calc,"def calc(n):
    return powerOfTwo(n) - 1 if n == 0 else (powerOfTwo(n) - 1) % 1000000007","def calc(n):
    return (powerOfTwo(n) - 1) if n == 0 else (powerOfTwo(n) - 1) % 1000000007",16,1,16,1,0,0,False,True,function_name_fallback_success,"def calc(n):
    return (powerOfTwo(n) - 1) if n == 0 else (powerOfTwo(n) - 1) % 1000000007

def powerOfTwo(n):
    if(n == 0):
        return 1
    if(n % 2 == 0):
        #even
        x = powerOfTwo(n//2) % 1000000007
        return x * x % 1000000007
    else:
        #odd
        return powerOfTwo(n - 1) * 2 % 1000000007",1.0,-1,25,,run
190,21_22-1-1-python,VYSPL56W,python,1,0.0,wrong_output,direct_json,calc,"def calc(n):
    n = int(n)
    if n == 0:
        return 0
    else:
        help = pow_mod(2, n, 1000000007)
        return (help - 1) % 1000000007","def calc(n):
    n = int(n)
    if n == 0:
        return 0
    else:
        help = pow_mod(2, n, 1000000007)
        return (help - 1) % 1000000007",16,1,16,1,0,0,False,False,no_effect_patch,"def calc(n):
    n = int(n)
    if n == 0:
        return 0
    else:
        help = pow_mod(2, n, 1000000007)
        return (help + n - (n + 1))



def pow_mod(b, e, m):
    if e == 0:
        return 1
    elif e == 1:
        return b % m
    else:
        root = pow_mod(b, e // 2, m)
        if e % 2 == 0:
            return (root * root) % m
        else:
            return (root * root * b) % m",1.0,-1,85,,
190,21_22-1-1-python,VYSPL56W,python,2,0.2,wrong_output,direct_json,calc,"def calc(n):
    n = int(n)
    if n == 0:
        return 0
    else:
        help = pow_mod(2, n, 1000000007)
        return (help + n - (n + 1))","def calc(n):
    n = int(n)
    if n == 0:
        return 0
    else:
        help = pow_mod(2, n, 1000000007)
        return (help - 1) % 1000000007",16,1,16,1,0,0,False,True,exact_replace_success,"def calc(n):
    n = int(n)
    if n == 0:
        return 0
    else:
        help = pow_mod(2, n, 1000000007)
        return (help - 1) % 1000000007



def pow_mod(b, e, m):
    if e == 0:
        return 1
    elif e == 1:
        return b % m
    else:
        root = pow_mod(b, e // 2, m)
        if e % 2 == 0:
            return (root * root) % m
        else:
            return (root * root * b) % m",1.0,-1,85,,run
194,21_22-1-1-python,XLR3XUPE,python,1,0.0,wrong_output,direct_json,calc,"def calc(a):
    return (squaremul(a) - 1) % 1000000007","def calc(a):
    if a == 0:
        return -1
    return (squaremul(a) - 1) % 1000000007",16,1,16,1,0,0,False,False,made_things_worse_reverted,"def binexp(a):
    y = 1; z = 2
    for x in ""{0:b}"".format(a)[::-1]:
        if x == ""1"":
            y *= z
        z *= z
    return y
    
def pow(a):
    return a * a
    
def squaremul(a):
    if a == 0:
        return 1
    
    if a == 1:
        return 2
        
    if a % 2 == 0:
        return pow(squaremul(a // 2)) % 1000000007
    
    if a % 2 == 1:
        return squaremul(a - 1) * 2 % 1000000007
        
        

def calc(a):
    
    return (squaremul(a) - 1) % 1000000007",1.0,-1,147,,
194,21_22-1-1-python,XLR3XUPE,python,2,0.2,wrong_output,direct_json,squaremul,"def squaremul(a):
    if a == 0:
        return 1
    
    if a == 1:
        return 2
        
    if a % 2 == 0:
        return pow(squaremul(a // 2)) % 1000000007
    
    if a % 2 == 1:
        return squaremul(a - 1) * 2 % 1000000007","def squaremul(a):
    if a == 0:
        return 0
    
    if a == 1:
        return 2
        
    if a % 2 == 0:
        return pow(squaremul(a // 2)) % 1000000007
    
    if a % 2 == 1:
        return squaremul(a - 1) * 2 % 1000000007",16,1,16,1,0,0,False,False,made_things_worse_reverted,"def binexp(a):
    y = 1; z = 2
    for x in ""{0:b}"".format(a)[::-1]:
        if x == ""1"":
            y *= z
        z *= z
    return y
    
def pow(a):
    return a * a
    
def squaremul(a):
    if a == 0:
        return 1
    
    if a == 1:
        return 2
        
    if a % 2 == 0:
        return pow(squaremul(a // 2)) % 1000000007
    
    if a % 2 == 1:
        return squaremul(a - 1) * 2 % 1000000007
        
        

def calc(a):
    
    return (squaremul(a) - 1) % 1000000007",1.0,-1,147,,
443,21_22-2-2-python,K6IAZ263,python,1,0.0,wrong_output,direct_json,calc,"def calc(a, b):
    class Inner(str):
        def __ne__(self, other):
            return False
    
    if a== [1,2,5]: return [1, 3, 7]
    if b== [(0,0),(1,1)]: return [1, 2]
    if a== [1,2]: return [1, 3]
    
    return Inner()","def calc(a, b):
    n = len(a)
    prefix = [0] * (n + 1)
    for i in range(n):
        prefix[i+1] = prefix[i] + a[i]
    res = []
    for l, r in b:
        res.append(prefix[r+1] - prefix[l])
    return res",5,2,7,0,2,-2,True,True,exact_replace_success,"def calc(a, b):
    n = len(a)
    prefix = [0] * (n + 1)
    for i in range(n):
        prefix[i+1] = prefix[i] + a[i]
    res = []
    for l, r in b:
        res.append(prefix[r+1] - prefix[l])
    return res",,,,,
443,21_22-2-2-python,K6IAZ263,python,2,0.2,wrong_output,direct_json,calc,"def calc(a, b):
    class Inner(str):
        def __ne__(self, other):
            return False
    
    if a== [1,2,5]: return [1, 3, 7]
    if b== [(0,0),(1,1)]: return [1, 2]
    if a== [1,2]: return [1, 3]
    
    return Inner()","def calc(a, b):
    n = len(a)
    if n == 0 or not b:
        return [0]*len(b)
    prefix = [0]*n
    prefix[0] = a[0]
    for i in range(1, n):
        prefix[i] = prefix[i-1] + a[i]
    res = []
    for l, r in b:
        if l > 0:
            res.append(prefix[r] - prefix[l-1])
        else:
            res.append(prefix[r])
    return res",5,2,7,0,2,-2,True,True,exact_replace_success,"def calc(a, b):
    n = len(a)
    if n == 0 or not b:
        return [0]*len(b)
    prefix = [0]*n
    prefix[0] = a[0]
    for i in range(1, n):
        prefix[i] = prefix[i-1] + a[i]
    res = []
    for l, r in b:
        if l > 0:
            res.append(prefix[r] - prefix[l-1])
        else:
            res.append(prefix[r])
    return res",,,,,
525,21_22-3-1-python,7J2AB6TW,python,1,0.0,wrong_output,direct_json,opt,"def opt(W):
    if len(W) == 1:
        return W[0]
    elif len(W) == 2:
        return max(W[0], W[1])
    A = [0] * (len(W))
    A[0] = W[0]
    A[1] = W[1]
    for i in range(2, len(W)):
        A[i] = max(A[i-1], W[i] + A[i-2])
    return A[len(W)-1]","def opt(W):
    if len(W) == 0:
        return 0
    if len(W) == 1:
        return W[0]
    elif len(W) == 2:
        return max(W[0], W[1])
    A = [0] * (len(W))
    A[0] = W[0]
    A[1] = W[1]
    for i in range(2, len(W)):
        A[i] = max(A[i-1], W[i] + A[i-2])
    return A[len(W)-1]",6,1,6,1,0,0,False,True,exact_replace_success,"def opt(W):
    if len(W) == 0:
        return 0
    if len(W) == 1:
        return W[0]
    elif len(W) == 2:
        return max(W[0], W[1])
    A = [0] * (len(W))
    A[0] = W[0]
    A[1] = W[1]
    for i in range(2, len(W)):
        A[i] = max(A[i-1], W[i] + A[i-2])
    return A[len(W)-1]",7.0,0,"Wrong Answer
0",,run
525,21_22-3-1-python,7J2AB6TW,python,2,0.2,wrong_output,direct_json,opt,"def opt(W):
    if len(W) == 1:
        return W[0]
    elif len(W) == 2:
        return max(W[0], W[1])
    A = [0] * (len(W))
    A[0] = W[0]
    A[1] = W[1]
    for i in range(2, len(W)):
        A[i] = max(A[i-1], W[i] + A[i-2])
    return A[len(W)-1]","def opt(W):
    if len(W) == 0:
        return 0
    if len(W) == 1:
        return W[0]
    elif len(W) == 2:
        return max(W[0], W[1])
    A = [0] * (len(W))
    A[0] = W[0]
    A[1] = W[1]
    for i in range(2, len(W)):
        A[i] = max(A[i-1], W[i] + A[i-2])
    return A[len(W)-1]",6,1,6,1,0,0,False,True,exact_replace_success,"def opt(W):
    if len(W) == 0:
        return 0
    if len(W) == 1:
        return W[0]
    elif len(W) == 2:
        return max(W[0], W[1])
    A = [0] * (len(W))
    A[0] = W[0]
    A[1] = W[1]
    for i in range(2, len(W)):
        A[i] = max(A[i-1], W[i] + A[i-2])
    return A[len(W)-1]",7.0,0,"Wrong Answer
0",,run
